{
  "__file": "wp_block",
  "title": "policy content",
  "content": "<!-- wp:heading -->\n<h2>Utilisation des données personnelles collectées</h2>\n<!-- /wp:heading -->\n\n<!-- wp:heading {\"level\":3} -->\n<h3>Commentaires</h3>\n<!-- /wp:heading -->\n\n<!-- wp:paragraph -->\n<p>Quand vous laissez un commentaire sur notre site web, les données inscrites dans le formulaire de commentaire, mais aussi votre adresse IP et l’agent utilisateur de votre navigateur sont collectés pour nous aider à la détection des commentaires indésirables.</p>\n<!-- /wp:paragraph -->\n\n<!-- wp:paragraph -->\n<p>Une chaîne anonymisée créée à partir de votre adresse de messagerie (également appelée hash) peut être envoyée au service Gravatar pour vérifier si vous utilisez ce dernier. Les clauses de confidentialité du service Gravatar sont disponibles ici&nbsp;: https://automattic.com/privacy/. Après validation de votre commentaire, votre photo de profil sera visible publiquement à coté de votre commentaire.</p>\n<!-- /wp:paragraph -->\n\n<!-- wp:heading {\"level\":3} -->\n<h3>Médias</h3>\n<!-- /wp:heading -->\n\n<!-- wp:paragraph -->\n<p>Si vous êtes un utilisateur ou une utilisatrice enregistré·e et que vous téléversez des images sur le site web, nous vous conseillons d’éviter de téléverser des images contenant des données EXIF de coordonnées GPS. Les visiteurs de votre site web peuvent télécharger et extraire des données de localisation depuis ces images.</p>\n<!-- /wp:paragraph -->\n\n<!-- wp:heading {\"level\":3} -->\n<h3>Formulaires de contact</h3>\n<!-- /wp:heading -->\n\n<!-- wp:heading {\"level\":3} -->\n<h3>Cookies</h3>\n<!-- /wp:heading -->\n\n<!-- wp:paragraph -->\n<p>Si vous déposez un commentaire sur notre site, il vous sera proposé d’enregistrer votre nom, adresse de messagerie et site web dans des cookies. C’est uniquement pour votre confort afin de ne pas avoir à saisir ces informations si vous déposez un autre commentaire plus tard. Ces cookies expirent au bout d’un an.</p>\n<!-- /wp:paragraph -->\n\n<!-- wp:paragraph -->\n<p>Si vous vous rendez sur la page de connexion, un cookie temporaire sera créé afin de déterminer si votre navigateur accepte les cookies. Il ne contient pas de données personnelles et sera supprimé automatiquement à la fermeture de votre navigateur.</p>\n<!-- /wp:paragraph -->\n\n<!-- wp:paragraph -->\n<p>Lorsque vous vous connecterez, nous mettrons en place un certain nombre de cookies pour enregistrer vos informations de connexion et vos préférences d’écran. La durée de vie d’un cookie de connexion est de deux jours, celle d’un cookie d’option d’écran est d’un an. Si vous cochez «&nbsp;Se souvenir de moi&nbsp;», votre cookie de connexion sera conservé pendant deux semaines. Si vous vous déconnectez de votre compte, le cookie de connexion sera effacé.</p>\n<!-- /wp:paragraph -->\n\n<!-- wp:paragraph -->\n<p>En modifiant ou en publiant une publication, un cookie supplémentaire sera enregistré dans votre navigateur. Ce cookie ne comprend aucune donnée personnelle. Il indique simplement l’ID de la publication que vous venez de modifier. Il expire au bout d’un jour.</p>\n<!-- /wp:paragraph -->\n\n<!-- wp:heading {\"level\":3} -->\n<h3>Contenu embarqué depuis d’autres sites</h3>\n<!-- /wp:heading -->\n\n<!-- wp:paragraph -->\n<p>Les articles de ce site peuvent inclure des contenus intégrés (par exemple des vidéos, images, articles…). Le contenu intégré depuis d’autres sites se comporte de la même manière que si le visiteur se rendait sur cet autre site.</p>\n<!-- /wp:paragraph -->\n\n<!-- wp:paragraph -->\n<p>Ces sites web pourraient collecter des données sur vous, utiliser des cookies, embarquer des outils de suivis tiers, suivre vos interactions avec ces contenus embarqués si vous disposez d’un compte connecté sur leur site web.</p>\n<!-- /wp:paragraph -->\n\n<!-- wp:heading {\"level\":3} -->\n<h3>Statistiques et mesures d’audience</h3>\n<!-- /wp:heading -->\n\n<!-- wp:heading -->\n<h2>Utilisation et transmission de vos données personnelles</h2>\n<!-- /wp:heading -->\n\n<!-- wp:heading -->\n<h2>Durées de stockage de vos données</h2>\n<!-- /wp:heading -->\n\n<!-- wp:paragraph -->\n<p>Si vous laissez un commentaire, le commentaire et ses métadonnées sont conservés indéfiniment. Cela permet de reconnaître et approuver automatiquement les commentaires suivants au lieu de les laisser dans la file de modération.</p>\n<!-- /wp:paragraph -->\n\n<!-- wp:paragraph -->\n<p>Pour les utilisateurs et utilisatrices qui s’enregistrent sur notre site (si cela est possible), nous stockons également les données personnelles indiquées dans leur profil. Tous les utilisateurs et utilisatrices peuvent voir, modifier ou supprimer leurs informations personnelles à tout moment (à l’exception de leur nom d’utilisateur·ice). Les gestionnaires du site peuvent aussi voir et modifier ces informations.</p>\n<!-- /wp:paragraph -->\n\n<!-- wp:heading -->\n<h2>Les droits que vous avez sur vos données</h2>\n<!-- /wp:heading -->\n\n<!-- wp:paragraph -->\n<p>Si vous avez un compte ou si vous avez laissé des commentaires sur le site, vous pouvez demander à recevoir un fichier contenant toutes les données personnelles que nous possédons à votre sujet, incluant celles que vous nous avez fournies. Vous pouvez également demander la suppression des données personnelles vous concernant. Cela ne prend pas en compte les données stockées à des fins administratives, légales ou pour des raisons de sécurité.</p>\n<!-- /wp:paragraph -->\n\n<!-- wp:heading -->\n<h2>Transmission de vos données personnelles</h2>\n<!-- /wp:heading -->\n\n<!-- wp:paragraph -->\n<p>Les commentaires des visiteurs peuvent être vérifiés à l’aide d’un service automatisé de détection des commentaires indésirables.</p>\n<!-- /wp:paragraph -->\n\n<!-- wp:heading -->\n<h2>Informations de contact</h2>\n<!-- /wp:heading -->\n\n<!-- wp:heading -->\n<h2>Informations supplémentaires</h2>\n<!-- /wp:heading -->\n\n<!-- wp:heading {\"level\":3} -->\n<h3>Comment nous protégeons vos données</h3>\n<!-- /wp:heading -->\n\n<!-- wp:heading {\"level\":3} -->\n<h3>Procédures mises en œuvre en cas de fuite de données</h3>\n<!-- /wp:heading -->\n\n<!-- wp:heading {\"level\":3} -->\n<h3>Les services tiers qui nous transmettent des données</h3>\n<!-- /wp:heading -->\n\n<!-- wp:heading {\"level\":3} -->\n<h3>Opérations de marketing automatisé et/ou de profilage réalisées à l’aide des données personnelles</h3>\n<!-- /wp:heading -->\n\n<!-- wp:heading {\"level\":3} -->\n<h3>Affichage des informations liées aux secteurs soumis à des régulations spécifiques</h3>\n<!-- /wp:heading -->"
}