{
  "__file": "wp_block",
  "title": "section1 image fond",
  "content": "<!-- wp:cover {\"url\":\"http://lamaisonduboeuflocal.fr/wp-content/uploads/2019/09/sec.jpg\",\"id\":109} -->\n<div class=\"wp-block-cover has-background-dim\" style=\"background-image:url(http://lamaisonduboeuflocal.fr/wp-content/uploads/2019/09/sec.jpg)\"><div class=\"wp-block-cover__inner-container\"><!-- wp:paragraph {\"align\":\"center\",\"placeholder\":\"Rédigez le titre…\",\"fontSize\":\"large\"} -->\n<p style=\"text-align:center\" class=\"has-large-font-size\"></p>\n<!-- /wp:paragraph --></div></div>\n<!-- /wp:cover -->"
}