{
  "__file": "wp_block",
  "title": "section1 slider1",
  "content": "<!-- wp:gallery {\"ids\":[250],\"columns\":0,\"className\":\"cover-fade\"} -->\n<ul class=\"wp-block-gallery columns-0 is-cropped cover-fade\"><li class=\"blocks-gallery-item\"><figure><img src=\"http://lamaisonduboeuflocal.fr/wp-content/uploads/2019/10/la-salle-27-1024x683.jpg\" alt=\"\" data-id=\"250\" data-link=\"http://lamaisonduboeuflocal.fr/?attachment_id=250\" class=\"wp-image-250\"/></figure></li></ul>\n<!-- /wp:gallery -->"
}