<?xml version="1.0" encoding="UTF-8" ?>
<!-- This is a WordPress eXtended RSS file generated by WordPress as an export of your site. -->
<!-- It contains information about your site's posts, pages, comments, categories, and other content. -->
<!-- You may use this file to transfer that content from one site to another. -->
<!-- This file is not intended to serve as a complete backup of your site. -->

<!-- To import this information into a WordPress site follow these steps: -->
<!-- 1. Log in to that site as an administrator. -->
<!-- 2. Go to Tools: Import in the WordPress admin panel. -->
<!-- 3. Install the "WordPress" importer from the list. -->
<!-- 4. Activate & Run Importer. -->
<!-- 5. Upload this file using the form provided on that page. -->
<!-- 6. You will first be asked to map the authors in this export file to users -->
<!--    on the site. For each author, you may choose to map to an -->
<!--    existing user on the site or to create a new user. -->
<!-- 7. WordPress will then import each of the posts, pages, comments, categories, etc. -->
<!--    contained in this file into your site. -->

	<!-- generator="WordPress/5.2.3" created="2019-10-04 14:42" -->
<rss version="2.0"
	xmlns:excerpt="http://wordpress.org/export/1.2/excerpt/"
	xmlns:content="http://purl.org/rss/1.0/modules/content/"
	xmlns:wfw="http://wellformedweb.org/CommentAPI/"
	xmlns:dc="http://purl.org/dc/elements/1.1/"
	xmlns:wp="http://wordpress.org/export/1.2/"
>

<channel>
	<title>La maison du boeuf</title>
	<link>http://lamaisonduboeuflocal.fr</link>
	<description>La maison du boeuf une cuisine simple faite maison avec le coeur. Venez découvrir le plaisir de la bonne viande à Rambouillet. </description>
	<pubDate>Fri, 04 Oct 2019 14:42:52 +0000</pubDate>
	<language>fr-FR</language>
	<wp:wxr_version>1.2</wp:wxr_version>
	<wp:base_site_url>http://lamaisonduboeuflocal.fr</wp:base_site_url>
	<wp:base_blog_url>http://lamaisonduboeuflocal.fr</wp:base_blog_url>

		<wp:author><wp:author_id>1</wp:author_id><wp:author_login><![CDATA[local]]></wp:author_login><wp:author_email><![CDATA[test@yolo.fr]]></wp:author_email><wp:author_display_name><![CDATA[local]]></wp:author_display_name><wp:author_first_name><![CDATA[]]></wp:author_first_name><wp:author_last_name><![CDATA[]]></wp:author_last_name></wp:author>

				
	<generator>https://wordpress.org/?v=5.2.3</generator>

<image>
	<url>http://lamaisonduboeuflocal.fr/wp-content/uploads/2019/09/cropped-logo-final-32x32.png</url>
	<title>La maison du boeuf</title>
	<link>http://lamaisonduboeuflocal.fr</link>
	<width>32</width>
	<height>32</height>
</image> 

		<item>
		<title>Politique de confidentialité</title>
		<link>http://lamaisonduboeuflocal.fr/?page_id=3</link>
		<pubDate>Sat, 21 Sep 2019 20:08:30 +0000</pubDate>
		<dc:creator><![CDATA[local]]></dc:creator>
		<guid isPermaLink="false">http://lamaisonduboeuflocal.fr/?page_id=3</guid>
		<description></description>
		<content:encoded><![CDATA[<!-- wp:block {"ref":157} /-->

<!-- wp:block {"ref":135} /-->

<!-- wp:block {"ref":137} /-->

<!-- wp:block {"ref":213} /-->

<!-- wp:block {"ref":217} /-->]]></content:encoded>
		<excerpt:encoded><![CDATA[]]></excerpt:encoded>
		<wp:post_id>3</wp:post_id>
		<wp:post_date><![CDATA[2019-09-21 22:08:30]]></wp:post_date>
		<wp:post_date_gmt><![CDATA[2019-09-21 20:08:30]]></wp:post_date_gmt>
		<wp:comment_status><![CDATA[closed]]></wp:comment_status>
		<wp:ping_status><![CDATA[open]]></wp:ping_status>
		<wp:post_name><![CDATA[politique-de-confidentialite]]></wp:post_name>
		<wp:status><![CDATA[publish]]></wp:status>
		<wp:post_parent>0</wp:post_parent>
		<wp:menu_order>0</wp:menu_order>
		<wp:post_type><![CDATA[page]]></wp:post_type>
		<wp:post_password><![CDATA[]]></wp:post_password>
		<wp:is_sticky>0</wp:is_sticky>
														<wp:postmeta>
		<wp:meta_key><![CDATA[_wp_page_template]]></wp:meta_key>
		<wp:meta_value><![CDATA[default]]></wp:meta_value>
		</wp:postmeta>
							<wp:postmeta>
		<wp:meta_key><![CDATA[_edit_last]]></wp:meta_key>
		<wp:meta_value><![CDATA[1]]></wp:meta_value>
		</wp:postmeta>
							</item>
					<item>
		<title>Home</title>
		<link>http://lamaisonduboeuflocal.fr/</link>
		<pubDate>Sun, 22 Sep 2019 15:01:32 +0000</pubDate>
		<dc:creator><![CDATA[local]]></dc:creator>
		<guid isPermaLink="false">http://lamaisonduboeuflocal.fr/?page_id=13</guid>
		<description></description>
		<content:encoded><![CDATA[<!-- wp:block {"ref":157} /-->

<!-- wp:block {"ref":135} /-->

<!-- wp:block {"ref":136} /-->

<!-- wp:block {"ref":137} /-->

<!-- wp:separator {"className":"is-style-wide"} -->
<hr class="wp-block-separator is-style-wide"/>
<!-- /wp:separator -->

<!-- wp:block {"ref":138} /-->

<!-- wp:block {"ref":139} /-->

<!-- wp:block {"ref":141} /-->

<!-- wp:block {"ref":142} /-->

<!-- wp:block {"ref":140} /-->

<!-- wp:block {"ref":143} /-->

<!-- wp:block {"ref":144} /-->

<!-- wp:block {"ref":145} /-->

<!-- wp:separator {"className":"is-style-wide"} -->
<hr class="wp-block-separator is-style-wide"/>
<!-- /wp:separator -->

<!-- wp:block {"ref":146} /-->

<!-- wp:block {"ref":147} /-->

<!-- wp:block {"ref":148} /-->

<!-- wp:block {"ref":132} /-->

<!-- wp:block {"ref":149} /-->

<!-- wp:block {"ref":150} /-->

<!-- wp:block {"ref":151} /-->

<!-- wp:block {"ref":152} /-->

<!-- wp:block {"ref":153} /-->

<!-- wp:separator {"className":"is-style-wide"} -->
<hr class="wp-block-separator is-style-wide"/>
<!-- /wp:separator -->

<!-- wp:block {"ref":169} /-->

<!-- wp:block {"ref":226} /-->

<!-- wp:block {"ref":227} /-->

<!-- wp:separator {"className":"is-style-wide"} -->
<hr class="wp-block-separator is-style-wide"/>
<!-- /wp:separator -->

<!-- wp:block {"ref":172} /-->

<!-- wp:block {"ref":181} /-->

<!-- wp:block {"ref":173} /-->

<!-- wp:block {"ref":174} /-->

<!-- wp:separator {"className":"is-style-wide"} -->
<hr class="wp-block-separator is-style-wide"/>
<!-- /wp:separator -->

<!-- wp:block {"ref":186} /-->

<!-- wp:block {"ref":188} /-->

<!-- wp:block {"ref":189} /-->

<!-- wp:block {"ref":190} /-->

<!-- wp:block {"ref":191} /-->

<!-- wp:block {"ref":193} /-->

<!-- wp:block {"ref":194} /-->

<!-- wp:separator {"className":"is-style-wide"} -->
<hr class="wp-block-separator is-style-wide"/>
<!-- /wp:separator -->

<!-- wp:block {"ref":196} /-->

<!-- wp:block {"ref":198} /-->

<!-- wp:separator {"className":"is-style-wide"} -->
<hr class="wp-block-separator is-style-wide"/>
<!-- /wp:separator -->

<!-- wp:block {"ref":264} /-->

<!-- wp:block {"ref":266} /-->]]></content:encoded>
		<excerpt:encoded><![CDATA[]]></excerpt:encoded>
		<wp:post_id>13</wp:post_id>
		<wp:post_date><![CDATA[2019-09-22 17:01:32]]></wp:post_date>
		<wp:post_date_gmt><![CDATA[2019-09-22 15:01:32]]></wp:post_date_gmt>
		<wp:comment_status><![CDATA[closed]]></wp:comment_status>
		<wp:ping_status><![CDATA[closed]]></wp:ping_status>
		<wp:post_name><![CDATA[home]]></wp:post_name>
		<wp:status><![CDATA[publish]]></wp:status>
		<wp:post_parent>0</wp:post_parent>
		<wp:menu_order>0</wp:menu_order>
		<wp:post_type><![CDATA[page]]></wp:post_type>
		<wp:post_password><![CDATA[]]></wp:post_password>
		<wp:is_sticky>0</wp:is_sticky>
														<wp:postmeta>
		<wp:meta_key><![CDATA[_edit_last]]></wp:meta_key>
		<wp:meta_value><![CDATA[1]]></wp:meta_value>
		</wp:postmeta>
							<wp:postmeta>
		<wp:meta_key><![CDATA[_oembed_c4baa887afa888c05b0fc9997d84ac9d]]></wp:meta_key>
		<wp:meta_value><![CDATA[{{unknown}}]]></wp:meta_value>
		</wp:postmeta>
							<wp:postmeta>
		<wp:meta_key><![CDATA[OSM_Marker_01_Name]]></wp:meta_key>
		<wp:meta_value><![CDATA[]]></wp:meta_value>
		</wp:postmeta>
							<wp:postmeta>
		<wp:meta_key><![CDATA[OSM_Marker_01_LatLon]]></wp:meta_key>
		<wp:meta_value><![CDATA[48.6411,1.8230]]></wp:meta_value>
		</wp:postmeta>
							<wp:postmeta>
		<wp:meta_key><![CDATA[OSM_Marker_01_Icon]]></wp:meta_key>
		<wp:meta_value><![CDATA[mic_green_restaurant_02.png]]></wp:meta_value>
		</wp:postmeta>
							<wp:postmeta>
		<wp:meta_key><![CDATA[OSM_Marker_01_Text]]></wp:meta_key>
		<wp:meta_value><![CDATA[]]></wp:meta_value>
		</wp:postmeta>
							</item>
				</channel>
</rss>
	